DriverID,AssignedLoadID,LoadMiles,Payout,ToTargetMiles,PickupCoords,DropoffCoords,FuelCost,NetProfit
1,109,990,2100,224.8,"[41.8781, -87.6298]","[29.7604, -95.3698]",660.0,1440.0
2,104,950,2000,847.9,"[38.627, -90.1994]","[29.7604, -95.3698]",633.3333333333334,1366.6666666666665
3,111,880,1950,925.8,"[36.7282, -76.5836]","[35.2271, -80.8431]",586.6666666666666,1363.3333333333335
4,102,800,1800,719.6,"[36.1627, -86.7816]","[32.7767, -96.797]",533.3333333333334,1266.6666666666665
5,106,870,1700,240.4,"[29.7604, -95.3698]","[38.627, -90.1994]",580.0,1120.0
6,107,780,1600,0.0,"[35.1495, -90.049]","[41.8781, -87.6298]",520.0,1080.0
